id,site,job_url,job_url_direct,title,company,location,date_posted,job_type,salary_source,interval,min_amount,max_amount,currency,is_remote,job_level,job_function,listing_type,emails,description,company_industry,company_url,company_logo,company_url_direct,company_addresses,company_num_employees,company_revenue,company_description,skills,experience_range,company_rating,company_reviews_count,vacancy_count,work_from_home_type
in-dc44f7c4d068c8a9,indeed,https://uk.indeed.com/viewjob?jk=dc44f7c4d068c8a9,https://grnh.se/dm33osb61us,"Senior Field Data Scientist, AI Deployment",Braze,"London, ENG, GB",2025-09-01,,,,,,,True,,,,,"At Braze, we have found our people. We're a genuinely approachable, exceptionally kind, and intensely passionate crew.

We seek to ignite that passion by setting high standards, championing teamwork, and creating work-life harmony as we collectively navigate rapid growth on a global scale while striving for greater equity and opportunity – inside and outside our organization.

To flourish here, you must be prepared to set a high bar for yourself and those around you. There is always a way to contribute: Acting with autonomy, having accountability and being open to new perspectives are essential to our continued success.

Our deep curiosity to learn and our eagerness to share diverse passions with others gives us balance and injects a one-of-a-kind vibrancy into our culture.

If you are driven to solve exhilarating challenges and have a bias toward action in the face of change, you will be empowered to make a real impact here, with a sharp and passionate team at your back. If Braze sounds like a place where you can thrive, we can't wait to meet you.

### **WHAT YOU'LL DO**

As our customer base continues to grow with the excitement around OfferFit by Braze, we're expanding our team! Join our Field Data Scientist group of creative technical experts who partner with customers to ensure their success. In this role, you will:

* Collaborate with customer Analytics/BI teams and OfferFit colleagues on implementations, including use case definition, data integration, pipeline setup, and ML model configuration.
* Extend product capabilities by improving architecture and developing reusable data pipelines, APIs, and components.
* Work closely with the RL pipeline development team to refine and advance our reinforcement learning (self-learning) algorithms.
* Contribute to shaping OfferFit's product strategy and roadmap through customer-facing insights and technical expertise.
Provide ongoing technical expertise to ensure successful adoption, measurable outcomes, and long-term customer success.  

### **WHO YOU ARE**

* Education: Bachelor's degree in Computer Science, Data Science, Mathematics, Engineering, or a related field required; Master's or PhD in a relevant technical discipline preferred.
* Experience: 3–5+ years of hands-on experience as a Data Scientist, Machine Learning Engineer, or similar role working with large-scale data and production environments. Experience in customer-facing or consulting roles is strongly preferred.
* Strong technical expertise: Proficient in Python (Pandas) and core ML libraries (TensorFlow, Keras, scikit-learn, CatBoost, XGBoost). Skilled in SQL for querying/manipulating datasets, with experience in machine learning pipelines and model deployment.
* Engineering best practices: You write well-structured, modular, documented code; follow strong development practices (Git, CI/CD, testing frameworks, type-hinting, code reviews); and can build scalable, maintainable solutions.
* Nice-to-have skills: Experience with DevOps tools (Airflow, Kubernetes, Terraform, GCP), data integration/ETL and pipeline optimization, or reinforcement learning algorithms.
* Customer collaborator: Comfortable working directly with clients and cross-functional teams, aligning stakeholders, and translating technical concepts into clear business value.
* Entrepreneurial problem-solver: You identify opportunities and risks early, troubleshoot obstacles, and drive creative solutions.
* Continuous learner: You stay current with industry trends, explore new tools/technologies, and thrive in environments that push you to grow.
* Clear communicator: Able to explain complex technical ideas persuasively to both technical and non-technical audiences.

**WHAT WE OFFER**

  

*Braze benefits vary by location, and we encourage you to review our specific benefits offerings for each country* *here**. More details on benefits plans will be provided if you receive an offer of employment.*

From offering comprehensive benefits to fostering hybrid ways of working, we've got you covered so you can prioritize work-life harmony. Braze offers benefits such as:

* Competitive compensation that may include equity
* Retirement and Employee Stock Purchase Plans
* Flexible paid time off
* Comprehensive benefit plans covering medical, dental, vision, life, and disability
* Family services that include fertility benefits and equal paid parental leave
* Professional development supported by formal career pathing, learning platforms, and a yearly learning stipend
* A curated in-office employee experience, designed to foster community, team connections, and innovation
* Opportunities to give back to your community, including an annual company-wide Volunteer Week and donation matching
* Employee Resource Groups that provide supportive communities within Braze
* Collaborative, transparent, and fun culture recognized as a Great Place to Work®

**ABOUT BRAZE**  
Braze is the leading customer engagement platform that empowers brands to Be Absolutely Engaging.™ Braze allows any marketer to collect and take action on any amount of data from any source, so they can creatively engage with customers in real time, across channels from one platform. From cross-channel messaging and journey orchestration to Al-powered experimentation and optimization, Braze enables companies to build and maintain absolutely engaging relationships with their customers that foster growth and loyalty.

Braze is proudly certified as a Great Place to Work® in the U.S., the UK, Australia, and Singapore. In 2025, we were recognized as one of Built In's Best Places to Work. In 2024, we were included in U.S. News & World Report's Best Companies to Work For (Top 10%) and recognized in Great Place to Work's Fortune Best Medium Workplaces, Fortune Best Workplaces in Technology, Fortune Best Workplaces for Parents, and Fortune Best Workplaces for Women.
  
Additionally, we were featured in Great Place to Work UK's Best Workplaces, Best Workplaces in Europe, Best Workplaces for Development, Best Workplaces for Wellbeing, Best Workplaces for Women, and Best Workplaces in Technology.

You'll find many of us at headquarters in New York City or around the world in Austin, Berlin, Bucharest, Chicago, Dubai, Jakarta, London, Paris, San Francisco, Singapore, São Paulo, Seoul, Sydney and Tokyo – not to mention our employees in nearly 50 remote locations.

**BRAZE IS AN EQUAL OPPORTUNITY EMPLOYER**

At Braze, we strive to create equitable growth and opportunities inside and outside the organization.

Building meaningful connections is at the heart of everything we do, and that includes our recruiting practices. We're committed to offering all candidates a fair, accessible, and inclusive experience – regardless of age, color, disability, gender identity, marital status, maternity, national origin, pregnancy, race, religion, sex, sexual orientation, or status as a protected veteran. When applying and interviewing with Braze, we want you to feel comfortable showcasing what makes you *you*.

We know that sometimes different circumstances can lead talented people to hesitate to apply for a role unless they meet 100% of the criteria. If this sounds familiar, we encourage you to apply, as we'd love to meet you.

*Please see our**Candidate Privacy Policy* *for more information on how Braze processes your personal information during the recruitment process and, if applicable based on your location, how you can exercise any privacy rights.*",,https://uk.indeed.com/cmp/Braze,https://d2q79iu7y748jz.cloudfront.net/s/_squarelogo/256x256/e0735138de87e7d5476c46766e2eb9e4,https://www.braze.com,"New York, NY","1,001 to 5,000",$100M to $500M (USD),We're passionate about helping brands forge lasting connections through engaging customer experiences.,,,,,,
in-994ea6b8b44b10a4,indeed,https://uk.indeed.com/viewjob?jk=994ea6b8b44b10a4,https://relx.wd3.myworkdayjobs.com/en-US/relx/job/UK---London-Bishopsgate/Tech-Accelerate-Graduate-Program---Software-Engineer_R100132-1,Tech Accelerate Graduate Program - Software Engineer,RELX Group,"London, ENG, GB",2025-09-01,fulltime,,,,,,False,,,,,"*Risk Solutions Tech Accelerate Graduate Program-Software Engineer I*

*Are you a new or upcoming graduate seeking an entry-level opportunity in the realm of Software Engineering?*

Look no further than the prestigious Risk Solutions Tech Accelerate Graduate Program.

About the Business

LexisNexis® Risk Solutions provides customers with solutions and decision tools that combine public and industry-specific content with advanced technology and analytics to assist them in evaluating and predicting risk and enhancing operational efficiency. We use the power of data and advanced analytics to help our customers make better, timelier decisions. By bringing clarity to information, we ultimately help make communities safer, insurance rates more accurate, commerce more transparent, business decisions easier, and processes more efficient. You can learn more about LexisNexis Risk at the link below,

https://risk.lexisnexis.com/

About our Team

LexisNexis Risk Solutions is a trusted data analytics provider, empowering organizations to manage risks, discover opportunities, and drive improved results. Our commitment to excellence and security enables well-informed decisions. Our commitment to excellence is unwavering as we deliver targeted solutions that empower well-informed decisions while upholding the highest standards of security and privacy. If you're eager to join a dynamic and innovative software development team, with a strong technology infrastructure, and contribute to products that truly make a difference, we invite you to apply for our 2026 Technology Graduate Program - Entry Level Software Engineer role.

About the Role

The Risk Solutions Technology Graduate Program is a 12-month experience with two six-month rotations. Participants gain hands-on experience in big data, AI, SRE, DevOps, and security engineering. They also get exposure to leading cloud platforms like AWS and Azure. The program focuses on technical and personal development, offering mentorship, performance feedback, and extensive training. Emphasis is placed on utilizing data for good, supporting key markets in insurance, healthcare, and government, and contributing to innovative product development.

Responsibilities

* Writing and reviewing portions of detailed specifications for developing system components of simple complexity.
* Implementing successful development processes, coding best practices, and code reviews under senior-level engineers' guidance.
* Operating in various development environments and collaborating with key stakeholders.
* Completing simple bug fixes and applying knowledge of test-driven development.
* Collaborating with stakeholders to gather and analyze requirements for software development projects.
* Resolving basic technical issues and staying updated on new technology developments.
* Demonstrating basic knowledge of software development methodologies and data manipulation languages.
* Understanding data modeling principles and applicable development languages.

Requirements

* Have completed or will complete a bachelor’s in Computer Science or a related field of study. Applicants must have a graduation date between December 2025 and May 2026 to be considered.
* Possess excellent communication skills, both written and verbal, to effectively collaborate with team members.
* Be proficient in development languages such as Java/J2EE, Python, JavaScript, JSP, C/C++, HTML, XML, SQL, Windows, Linux, and .Net.
* Be familiar with software development methodologies (e.g., Agile, Waterfall).
* Be knowledgeable about data manipulation languages and data modeling principles.
* Have the ability and desire to learn new processes and technologies.
* Be knowledgeable about test-driven development.

Working for you

We know that your wellbeing and happiness are key to a long and successful career. These are some of the benefits we are delighted to offer:

* Generous holiday allowance with the option to buy additional days
* Health screening, eye care vouchers and private medical benefits
* Wellbeing programs
* Life assurance
* Access to a competitive contributory pension scheme
* Save As You Earn share option scheme
* Travel Season ticket loan
* Electric Vehicle Scheme
* Optional Dental Insurance
* Maternity, paternity and shared parental leave
* Employee Assistance Programme  
  Access to emergency care for both the elderly and children
* RECARES days, giving you time to support the charities and causes that matter to you
* Access to employee resource groups with dedicated time to volunteer
* Access to extensive learning and development resources
* Access to employee discounts scheme via Perks at Work

Learn more about the LexisNexis Risk team and how we work

here

We are committed to providing a fair and accessible hiring process. If you have a disability or other need that requires accommodation or adjustment, please let us know by completing our

Applicant Request Support Form

or please contact 1-855-833-5120.

Criminals may pose as recruiters asking for money or personal information. We never request money or banking details from job applicants. Learn more about spotting and avoiding scams

here

.

Please read our

Candidate Privacy Policy

.

We are an equal opportunity employer: qualified applicants are considered for and treated during employment without regard to race, color, creed, religion, sex, national origin, citizenship status, disability status, protected veteran status, age, marital status, sexual orientation, gender identity, genetic information, or any other characteristic protected by law.

*USA Job Seekers:*

EEO Know Your Rights

.",,https://uk.indeed.com/cmp/Relx-Group,https://d2q79iu7y748jz.cloudfront.net/s/_squarelogo/256x256/6157f322b160f873d25e432ea87dc421,https://www.lexisnexis.com,"New York, NY","1,001 to 5,000",$25M to $100M (USD),,,,,,,
in-8ede4f0ca7252d87,indeed,https://uk.indeed.com/viewjob?jk=8ede4f0ca7252d87,https://relx.wd3.myworkdayjobs.com/en-US/RiskSolutions/job/UK---London-Bishopsgate/Tech-Accelerate-Graduate-Program---Software-Engineer_R100132,Tech Accelerate Graduate Program - Software Engineer,LexisNexis Risk Solutions,"London, ENG, GB",2025-09-01,fulltime,,,,,,False,,,,,"*Risk Solutions Tech Accelerate Graduate Program-Software Engineer I*

*Are you a new or upcoming graduate seeking an entry-level opportunity in the realm of Software Engineering?*

Look no further than the prestigious Risk Solutions Tech Accelerate Graduate Program.

About the Business

LexisNexis® Risk Solutions provides customers with solutions and decision tools that combine public and industry-specific content with advanced technology and analytics to assist them in evaluating and predicting risk and enhancing operational efficiency. We use the power of data and advanced analytics to help our customers make better, timelier decisions. By bringing clarity to information, we ultimately help make communities safer, insurance rates more accurate, commerce more transparent, business decisions easier, and processes more efficient. You can learn more about LexisNexis Risk at the link below,

https://risk.lexisnexis.com/

About our Team

LexisNexis Risk Solutions is a trusted data analytics provider, empowering organizations to manage risks, discover opportunities, and drive improved results. Our commitment to excellence and security enables well-informed decisions. Our commitment to excellence is unwavering as we deliver targeted solutions that empower well-informed decisions while upholding the highest standards of security and privacy. If you're eager to join a dynamic and innovative software development team, with a strong technology infrastructure, and contribute to products that truly make a difference, we invite you to apply for our 2026 Technology Graduate Program - Entry Level Software Engineer role.

About the Role

The Risk Solutions Technology Graduate Program is a 12-month experience with two six-month rotations. Participants gain hands-on experience in big data, AI, SRE, DevOps, and security engineering. They also get exposure to leading cloud platforms like AWS and Azure. The program focuses on technical and personal development, offering mentorship, performance feedback, and extensive training. Emphasis is placed on utilizing data for good, supporting key markets in insurance, healthcare, and government, and contributing to innovative product development.

Responsibilities

* Writing and reviewing portions of detailed specifications for developing system components of simple complexity.
* Implementing successful development processes, coding best practices, and code reviews under senior-level engineers' guidance.
* Operating in various development environments and collaborating with key stakeholders.
* Completing simple bug fixes and applying knowledge of test-driven development.
* Collaborating with stakeholders to gather and analyze requirements for software development projects.
* Resolving basic technical issues and staying updated on new technology developments.
* Demonstrating basic knowledge of software development methodologies and data manipulation languages.
* Understanding data modeling principles and applicable development languages.

Requirements

* Have completed or will complete a bachelor’s in Computer Science or a related field of study. Applicants must have a graduation date between December 2025 and May 2026 to be considered.
* Possess excellent communication skills, both written and verbal, to effectively collaborate with team members.
* Be proficient in development languages such as Java/J2EE, Python, JavaScript, JSP, C/C++, HTML, XML, SQL, Windows, Linux, and .Net.
* Be familiar with software development methodologies (e.g., Agile, Waterfall).
* Be knowledgeable about data manipulation languages and data modeling principles.
* Have the ability and desire to learn new processes and technologies.
* Be knowledgeable about test-driven development.

Working for you

We know that your wellbeing and happiness are key to a long and successful career. These are some of the benefits we are delighted to offer:

* Generous holiday allowance with the option to buy additional days
* Health screening, eye care vouchers and private medical benefits
* Wellbeing programs
* Life assurance
* Access to a competitive contributory pension scheme
* Save As You Earn share option scheme
* Travel Season ticket loan
* Electric Vehicle Scheme
* Optional Dental Insurance
* Maternity, paternity and shared parental leave
* Employee Assistance Programme  
  Access to emergency care for both the elderly and children
* RECARES days, giving you time to support the charities and causes that matter to you
* Access to employee resource groups with dedicated time to volunteer
* Access to extensive learning and development resources
* Access to employee discounts scheme via Perks at Work

Learn more about the LexisNexis Risk team and how we work

here

We are committed to providing a fair and accessible hiring process. If you have a disability or other need that requires accommodation or adjustment, please let us know by completing our

Applicant Request Support Form

or please contact 1-855-833-5120.

Criminals may pose as recruiters asking for money or personal information. We never request money or banking details from job applicants. Learn more about spotting and avoiding scams

here

.

Please read our

Candidate Privacy Policy

.

We are an equal opportunity employer: qualified applicants are considered for and treated during employment without regard to race, color, creed, religion, sex, national origin, citizenship status, disability status, protected veteran status, age, marital status, sexual orientation, gender identity, genetic information, or any other characteristic protected by law.

*USA Job Seekers:*

EEO Know Your Rights

.",,https://uk.indeed.com/cmp/Lexisnexis-Risk-Solutions,https://d2q79iu7y748jz.cloudfront.net/s/_squarelogo/256x256/a2be72aa56a6f7568d9a1339a7ca443c,,,,,"LexisNexis Risk Solutions Group is a portfolio of brands that span multiple industries providing customers with innovative technologies, information-based analytics & decision tools, & data services.",,,,,,
in-c9c37dfab176816f,indeed,https://uk.indeed.com/viewjob?jk=c9c37dfab176816f,https://jobs.justice.gov.uk/careers/JobDetail/9488-Justice-AI-Academy-Intern-Justice-AI-Unit/9488,Justice AI Academy Intern - Justice AI Unit,Ministry of Justice UK,"Westminster, ENG, GB",2025-09-01,fulltime,,,,,,False,,,,"moj-recruitment-vetting-enquiries@resourcing.soprasteria.co.uk, resourcing-management-office@justice.gov.uk, moj-recruitment-vetting-enquiries@resourcing.soprasteria.co.uk, moj-recruitment-vetting-enquiries@resourcing.soprasteria.co.uk","### **General Information**

Salary

£40,014 - £42,859

Working Pattern

Full Time, Flexible Working

Vacancy Approach

External

Location

Westminster

Region

London

Closing Date

17-Sep-2025

Post Type

Internship

Civil Service Grade

HEO

Number of jobs available

4

Job ID

9488

### **Descriptions & requirements**

Job description

### **The Role** **The Justice AI Unit are recruiting to it’s one-of-a-kind Justice AI Academy, a dedicated programme aimed at providing hands-on experience in applying artificial intelligence (AI) and machine learning (ML) within the UK criminal justice system.** **We are seeking graduates of bachelor’s or master’s programmes** **in AI, Computer Science, Mathematics, or a related field to join this exciting initiative.** **As a Justice AI Academy Intern, you will work alongside our AI Product Specialists, our AI Adoption Leads and our AI engineers on** **real-world problems****, gaining practical experience in deploying AI-driven solutions. Each intern will be assigned a specific project over the** **six-month term****, tackling challenges that support innovation within justice services. Example projects may include:** * **Automation in back-office functions** **– Enhancing efficiency through AI-driven tools such as automated email management and document drafting.** * **Service transformation and research** **– Supporting justice reform initiatives, such as supporting on Justice Transcribe – an AI-assisted notetaking for probation services.** * **Predictive AI and ML capabilities** **– Exploring models that support** **personalised rehabilitation** **and risk assessment strategies.** **This internship is a unique opportunity to apply and develop AI/ML skills in a** **real-world, high-impact environment****. You will receive mentoring and a structured learning plan to ensure personal and professional growth throughout your time in the Academy.** **Skills and Experience** **Essential:** * **Proficiency in** **Python****, including knowledge of relevant libraries for AI/ML.** * **Understanding of** **integrated development environments (IDEs)****, with a strong interest in coding and personal AI/ML projects.** * **A degree in** **Artificial Intelligence, Computer Science, Mathematics, Data Science, or a related field.** * **Analytical thinking and problem-solving skills, with an ability to break down complex challenges.** * **Interest in the ethical application of AI in public services, particularly within the** **criminal justice system.** * **Ability to work** **independently and collaboratively** **in a team environment.** * **An ability to work at pace with a proactive attitude.** **Desirable:** * **Experience with** **natural language processing (NLP), predictive modelling****, or** **computer vision.** * **Familiarity with** **data engineering, cloud platforms (e.g., AWS, Azure, Google Cloud), and automation tools.** * **Previous exposure to AI projects related to** **justice, law enforcement, or public sector services.** **We recognise that this is an** **internship role****, and as such,** **learning opportunities will be provided****. Each intern will be given a Learning & Development plan, ensuring a beneficial experience that supports their professional aspirations, while each Intern will be granted their own mentor.** **Location** **The role will be based at 102 Petty France, London.**

Additional Information

**Working Arrangements & Further Information**

The MoJ offers Hybrid Working arrangements w business need allows. This is an informal, non-contractual form of flexible working that blends working from your base location, different MoJ sites and / or from home (please be aware that this role can only be worked in the UK and not overseas). All employees will be expected to spend a minimum of 60% of their working time in an office, subject to local estate capacity.

Some roles will not be suitable for Hybrid Working. Similarly, Hybrid Working will not suit everyone’s circumstances. Arrangements will be discussed and agreed with the successful candidate(s) and subject to regular review.

**For nationally advertised role:** all successful candidates will be appointed to the nearest viable office nearest to their home postcode and on its respective pay scale. This will be at either a HQ building (subject to desk allocation, a Justice Collaboration Centre (JCC) or a Justice Satellite Office (JSO) – See Map. All employees will be expected to spend a minimum of 60% of their working time in an office, subject to local estate capacity).

For current MoJ employees, your base location will need to be changed to the nearest viable office (to your home postcode), either at a HQ building, JCC or JSO within the National Office Network and moved its location’s respective pay scale (any legacy arrangements/locations will need to be amended).

Some of MoJ’s terms and conditions of service are changing as part of Civil Service reform. The changes will apply to staff joining MoJ who are new to the Civil Service. Staff joining MoJ from other civil service employers will transfer onto the new MoJ terms if they are already on 'modernised' terms in their current post or onto 'unmodernised' MoJ terms if they are on 'unmodernised' terms at their current post. Details will be available if an offer is made.

MoJ candidates who are on a specialist grade, will be able to retain their grade on lateral transfer.

All candidates who are currently in receipt of Mark Time / Pay Protection should ensure they are familiar with the new policy on permanent and temporary promotion which can be found on the employee intranet.

**Flexible working hours**

The Ministry of Justice offers a flexible working system in many offices. Standard full time working hours are 37 hours per week. MoJ welcomes part-time, flexible and job-sharing working patterns, w they meet the demands of the role and business needs. All applications for part-time, flexible and job-sharing working patterns will be considered in accordance with the MoJ’s Flexible Working policy.

**Benefits**

The MoJ offers a range of benefits:

**Annual Leave**

Annual leave is 25 days on appointment and will increase to 30 days after five years’ service.

T is also a scheme to allow qualifying staff to buy or sell up to three days leave each year. Additional paid time off for public holidays and 1 privilege day. Leave for part-time and job share posts will be calculated on a pro-rata basis.

**Pension**

The Civil Service offers a choice of pension schemes, giving you the flexibility to choose the pension that suits you best.

**Training**

The Ministry of Justice is committed to staff development and offers an extensive range of training and development opportunities.

**Networks**

The opportunity to join employee-run networks that have been established to provide advice and support and to enable the views of employees from minority groups to be expressed direct to senior management. T are currently networks for employees of minority ethnic origin, employees with disabilities, employees with caring responsibilities, women employees, and lesbian, gay, bisexual and transgender employees.

**Support**

* A range of ‘Family Friendly’ policies such as opportunities to work reduced hours or job share.
* Access to flexible benefits such as voluntary benefits, retail vouchers and discounts on a range of goods and services.
* For moves to or from another employer or moves across the Civil Service this can have implications on your eligibility to carry on claiming childcare vouchers. You may however be eligible for alternative government childcare support schemes, including Tax Free Childcare. More information can be found on www.GOV.UK or Childcare Choices. You can determine your eligibility at https://www.childcarechoices.gov.uk/.
* Paid paternity, adoption and maternity leave.
* Free annual sight tests for employees who use computer screens.

**Working for the Civil Service**

The Civil Service Code sets out the standards of behaviour expected of civil servants.

We recruit by merit on the basis of fair and open competition, as outlined in the Civil Service Commission's recruitment principles. Should you feel that the recruitment process has breached the recruitment principles you are able to raise a formal complaint in the following order

* To Transformative Business Services (0345 241 5359 (Monday to Friday 8am - 6pm) or e mail moj-recruitment-vetting-enquiries@resourcing.soprasteria.co.uk);
* To Ministry of Justice Resourcing team (resourcing-management-office@justice.gov.uk);
To the Civil Service Commission (details available* )

As a Disability Confident employer, MoJ are committed to providing everyone with the opportunity to demonstrate their skills, talent and abilities, by making adjustments throughout all elements of the recruitment process and in the workplace. MoJ are able to offer an interview to disabled candidates who meet the minimum selection criteria, except in a limited number of campaigns.

For more information on applying for a role as a candidate with a disability or long-term condition, please watch our animated videos.

You will be able to request reasonable adjustments to the recruitment process within the application form. If you need additional help completing the application form, please contact the TBS Recruitment Enquiries Team.

**Diversity & Inclusion**

The Civil Service is committed to attract, retain and invest in talent wver it is found. To learn more please see the Civil Service People Plan and the Civil Service Diversity and Inclusion Strategy.

**A Great Place to Work for Veterans**

The ""Making the Civil Service a Great Place to work for veterans"" initiative includes a guaranteed interview scheme to those who meet the minimum criteria to provide eligible former members of the Armed Forces with opportunities to secure rewarding jobs. Allowing veterans to continue to serve their country, and to bring highly skilled individuals with a broad range of experience into the Civil Service in an environment, which recognises and values your previous service in the Armed Forces.  
For further details about the initiative and eligibility requirements visit: https://www.gov.uk/government/news/making-the-civil-service-a-great-place-to-work-for-veterans

**Redeployment Interview Scheme**

Civil Service departments are expected to explore redeployment opportunities before making an individual redundant. The MoJ is committed, as part of the Redeployment Interview Scheme, to providing opportunities to those who are 'at risk of redundancy'.

MoJ is able to offer an interview to eligible candidates who meet the minimum selection criteria, except in a limited number of campaigns. Candidates will not be eligible for the Redeployment Interview Scheme if they are applying on promotion.

**Civil Service Nationality Rules**

This job is broadly open to the following groups:

* UK nationals
* nationals of the Republic of Ireland
* nationals of Commonwealth countries who have the right to work in the UK
* nationals of the EU, Switzerland, Norway, Iceland or Liechtenstein and family members of those nationalities with settled or pre-settled status under the European Union Settlement Scheme (EUSS) (opens in a new window) https://www.gov.uk/settled-status-eu-citizens-families
* nationals of the EU, Switzerland, Norway, Iceland or Liechtenstein and family members of those nationalities who have made a valid application for settled or pre-settled status under the European Union Settlement Scheme (EUSS)
* individuals with limited leave to remain or indefinite leave to remain who were eligible to apply for EUSS on or before 31 December 2020
* Turkish nationals, and certain family members of Turkish nationals, who have accrued the right to work in the Civil Service

Further information on nationality requirements (opens in a new window) https://www.gov.uk/government/publications/nationality-rules

**Reserve list**

A reserve list may be held for up to 12 months from which further appointments may be made for the same or similar roles.

Contact Information

**MoJ:**

If you require any assistance please call 0345 241 5359 (Monday to Friday 8am - 6pm) or e mail moj-recruitment-vetting-enquiries@resourcing.soprasteria.co.uk

Please quote the job reference 9488

**HMPPS**

If you require any assistance please call 0345 241 5358 (Monday to Friday 8am - 6pm) or e mail moj-recruitment-vetting-enquiries@resourcing.soprasteria.co.uk

Please quote the job reference

### **Job Description Attachment**

* Justice AI Academy Intern - Job Description.docx (Job Description Attachment)

### **Select new file**

### **Application form stage assessments**

**Experience**

We will assess your experience for this role via the following methods

Statement of Suitability

**Statement of Suitability**

Guidance for the Statement of Suitability

As part of your application, please provide a statement of suitability (up to 750 words) that addresses the following:  
  
Motivation: Explain why you are interested in joining the Justice AI Academy. What draws you to this opportunity, and how does it align with your personal or professional aspirations?  
  
Essential Experience: Demonstrate how your background, skills, and experiences meet the essential criteria outlined in the job description. Be specific in highlighting relevant achievements, responsibilities, or learning that showcase your suitability for the role.  
  
Your statement should be clear, concise, and tailored to this opportunity. It will be used as part of the initial sift process to assess your application.

Evidence of Experience

Statement of Suitability

### **Interview stage assessments**

Interview Dates

Proposed dates of 9th & 10th October 2025

**Behaviours**

Communicating and Influencing

Managing a Quality Service

Delivering at Pace

Changing and Improving

### **Other Assessments**

Which assessment methods will be used?

Presentation

**Use of Artificial Intelligence (Al)**

You must ensure that any evidence submitted as part of your application, including your CV, statement of suitability and behaviour examples, are truthful and factually accurate. Please note that plagiarism can include presenting the ideas and experiences of others, or generated by artificial intelligence, as your own.

**Level of security checks required**

Baseline Personnal Security Standard (BPSS)",,https://uk.indeed.com/cmp/Ministry-of-Justice-UK,https://d2q79iu7y748jz.cloudfront.net/s/_squarelogo/256x256/2009d65a4b5c95b1a7d4f5f8ce775d36,https://www.gov.uk/government/organisations/ministry-of-justice,,Decline to state,Decline to state,"HM Prison and Probation Service (HMPPS) is an agency in the Ministry of Justice, working to protect the public and rehabilitate.",,,,,,
in-b911a29e5123b35f,indeed,https://uk.indeed.com/viewjob?jk=b911a29e5123b35f,https://lunasaspace.com/embedded-software-engineer/,Embedded Software Engineer,Lunasa,"London, ENG, GB",2025-09-01,,,,,,,False,,,,,"* September 1, 2025

**About Lúnasa:**

Lúnasa is a UK-based space-tech start-up building next-gen space systems to provide safe, sustainable, and affordable satellite operations for the in-space economy. The company has received multiple contracts from the UK Space Agency and the European Space Agency to build and deploy AI-based satellite rendezvous proximity operations (RPO) technology and is set to demonstrate the innovation in space by 2026. Lúnasa is also backed by world-class Deep-Tech investors.

**Location: London**

**Salary: Competitive**

**This position is for a candidate who has the right to work in the UK.**

**Job Summary:**

We are looking for an Embedded Software Engineer to join our growing team. This key role will be at the heart of our space engineering projects, supporting our edge computing, electronics, robotics, and on-demand services to deliver advanced in-orbit navigation satellite servicing solutions. The applicant will be responsible for the design, implementation, review, test, and documentation of production software features used on our edge computers and satellite navigation systems, among other technologies in development. We are looking for a world class talent to join our high-performing team working on cutting edge space technology in in-orbit servicing, assembly, and manufacturing (ISAM) industry.

**Key Responsibilities:**

* Perform requirements analysis; engage with internal and external stakeholders to understand technical functionality required to meet customer needs.
* Complete architecture and design documentation for new software features
* Deliver high-quality, tested software features for an embedded real-time system, using Python and C++
* Capable of performing unit integration and testing, including debugging functionality using simulations on the target hardware
* Build technical roadmaps and own the development, including presenting reports and results tp management and stakeholders as required.

**Essential Experience and Skills:**

* Minimum of 2 years industry experience, preferrable in space industry (or similar)
* Highly skilled in MATLAB, Python, and C++ development on embedded systems
* Excellent knowledge of the current state-of-the-art technologies in edge computing
* Excellent understanding of physical interfaces such as Serial, Ethernet, SPI, CAN, etc
* Demonstrated skills in hardware debugging and performance characterisation
* Capable of documenting engineering professionally
* Able to work in high-pace agile teams and dont yeild under stress
* A self-starter with minimum supervision with a problem solving attitude

### **Medical Insurance**

### **Pension Contribution**

### **On-site GYM**

### **Employee Assistance Programme**

### **Parental Leave**

### **Employee Share Scheme**",,https://uk.indeed.com/cmp/Lunasa,,http://www.lunasa.com.br,,,,,,,,,,
in-fa0518ec60ff5734,indeed,https://uk.indeed.com/viewjob?jk=fa0518ec60ff5734,https://causalens.recruitee.com/o/ai-engineer-infrastructure?source=Indeed,AI Engineer - Infrastructure,causaLens,"London, ENG, GB",2025-09-01,fulltime,,,,,,False,,,,talent@causalens.com,"causaLens delivers digital workers for analytics & data science, transforming the way enterprises automate complex analytics workflows. Our AI agents act as always-on digital workers, eliminating the need for fragmented tools, consultants, and seat licenses. Trusted by industry leaders like Cisco, Johnson & Johnson, and Canon, causaLens empowers teams to achieve insights 10x faster at 1/10th the cost, with guaranteed outcomes and zero overhead.

Here are 2 articles that define our culture:  
1. A Hiring Framework for a New Kind of Services Company

2. The Primacy of Winning

We’re looking for **AI Engineers** who are passionate about helping world-leading enterprises put **cutting-edge AI agents** into production. You’ll work on impactful, high-visibility projects - designing, building, and delivering intelligent solutions that solve real business problems at scale.

**What you’ll bring:**

* **Expertise in the deployment of enterprise-grade AI solutions to cloud and on-premise customer environments with a focus on availability, observability and security.**
* **Proven track record with at least one of the major cloud providers and an understanding of DevOps best practices.**
* Hands-on experience building production-grade solutions using LLMs, RAGs, MCPs, and agentic workflows.
* Client-facing experience with a forward deployed engineering mindset. You’ll work directly with both technical teams and business stakeholders to understand real-world challenges and deliver solutions that drive measurable impact.
* Strong solution architecture and delivery skills: ability to translate complex business problems into scalable, intelligent AI solutions.

**What you’ll do:**

* Collaborate directly with top-tier enterprises to understand needs, design and deploy bespoke agentic workflows.
* Design and implement robust architectures that leverage the latest AI technologies.
* Lead the delivery of high-impact AI products from concept to deployment.

### **Benefits**

We care about our people’s lives, both inside and outside of causaLens. Beyond the core benefits like competitive remuneration and a great work-life balance, we offer the following:

* 25 days of paid holiday, plus bank holidays
* carry over/sell holiday options (up to 5 days)
* Share options
* Pension scheme

* Happy hours and team outings
* Referral bonus program
* Cycle to work scheme
* Friendly tech purchases
* Benefits to choose from, including Health/Dental Insurance
* Special Discounts
* Learning and development budget
* Work abroad days
* Office snacks and drinks

**Logistics**

Our interview process consists of screening sessions with the hiring manager and a ""Day 0"" which involves an approximately 3-hour in-person challenge followed by an in-person presentation and interviews.

Have questions? We encourage open dialogue—reach out anytime.

*If you require accommodations during the application process or in your role at causaLens, please contact us at* talent@causalens.com",,https://uk.indeed.com/cmp/Causalens-1,https://d2q79iu7y748jz.cloudfront.net/s/_squarelogo/256x256/34b6779b42581657c64a278c61122bb5,https://www.causalens.com,"London, England",51 to 200,Decline to state,causaLens is a deep-tech startup based in London - our vision is to optimise the global economy.,,,,,,
in-4928bd9ac51b2128,indeed,https://uk.indeed.com/viewjob?jk=4928bd9ac51b2128,https://causalens.recruitee.com/o/ai-engineer-research?source=Indeed,AI Engineer - Research,causaLens,"London, ENG, GB",2025-09-01,fulltime,,,,,,False,,,,talent@causalens.com,"causaLens delivers digital workers for analytics & data science, transforming the way enterprises automate complex analytics workflows. Our AI agents act as always-on digital workers, eliminating the need for fragmented tools, consultants, and seat licenses. Trusted by industry leaders like Cisco, Johnson & Johnson, and Canon, causaLens empowers teams to achieve insights 10x faster at 1/10th the cost, with guaranteed outcomes and zero overhead.

Here are 2 articles that define our culture:  
1. A Hiring Framework for a New Kind of Services Company

2. The Primacy of Winning

We’re looking for **AI Engineers** who are passionate about helping world-leading enterprises put **cutting-edge AI agents** into production. You’ll work on impactful, high-visibility projects - designing, building, and delivering intelligent solutions that solve real business problems at scale.

**What you’ll bring:**

* **PhD in a STEM field with demonstrated experience in research and development to solve complex, previously unseen problems.**
* Hands-on experience building production-grade solutions using LLMs, RAGs, MCPs, and agentic workflows.
* Client-facing experience with a forward deployed engineering mindset. You’ll work directly with both technical teams and business stakeholders to understand real-world challenges and deliver solutions that drive measurable impact.
* Strong solution architecture and delivery skills: ability to translate complex business problems into scalable, intelligent AI solutions.

**What you’ll do:**

* **Tackle some of the most complex and exciting client problems, using your research skills to come up with innovative solutions. Collaborate with others to work on strategic research initiatives.**
* Collaborate directly with top-tier enterprises to understand needs, design and deploy bespoke agentic workflows.
* Design and implement robust architectures that leverage the latest AI technologies.
* Lead the delivery of high-impact AI products from concept to deployment.

### **Benefits**

We care about our people’s lives, both inside and outside of causaLens. Beyond the core benefits like competitive remuneration and a great work-life balance, we offer the following:

* 25 days of paid holiday, plus bank holidays
* carry over/sell holiday options (up to 5 days)
* Share options
* Pension scheme

* Happy hours and team outings
* Referral bonus program
* Cycle to work scheme
* Friendly tech purchases
* Benefits to choose from, including Health/Dental Insurance
* Special Discounts
* Learning and development budget
* Work abroad days
* Office snacks and drinks

**Logistics**

Our interview process consists of screening sessions with the hiring manager and a ""Day 0"" which involves an approximately 3-hour in-person challenge followed by an in-person presentation and interviews.

Have questions? We encourage open dialogue—reach out anytime.

*If you require accommodations during the application process or in your role at causaLens, please contact us at* talent@causalens.com",,https://uk.indeed.com/cmp/Causalens-1,https://d2q79iu7y748jz.cloudfront.net/s/_squarelogo/256x256/34b6779b42581657c64a278c61122bb5,https://www.causalens.com,"London, England",51 to 200,Decline to state,causaLens is a deep-tech startup based in London - our vision is to optimise the global economy.,,,,,,
in-e8e4104fe12fca5d,indeed,https://uk.indeed.com/viewjob?jk=e8e4104fe12fca5d,https://ag.wd3.myworkdayjobs.com/en-US/Airbus/job/Stevenage/Space-Software-Engineering-Placement--12-months-_JR10345872,Space Software Engineering Placement (12 months),Airbus,"Stevenage, ENG, GB",2025-09-01,fulltime,,,,,,False,,,,emsom@airbus.com,"**Job Description:**

**Start date:** 20 July 2026

**Location:** Stevenage

**Duration** : 12 months

**Application:** We love your interest in joining Airbus! There is no limit on the number of positions you can apply for, however, please be aware that **you can only progress in the selection process for one position at a time** **.** We recommend reviewing all available opportunities and applying to those that best match your experience and aspirations.

**AI Guidance:** We know you might be thinking about using AI to help you in your application - before you do, please read our guidelines on the use of AI for recruitment at Airbus http://airbus.com/en/careers/use-of-ai.

**Apply early** to avoid missing out — we may close adverts once we receive sufficient applications.

**Benefits:**

Salary: £23,850

37 hours per week // Flexible working hours // Hybrid working // Half day Fridays!\* // 25 days holiday plus bank holidays

*\*subject to completing full hours prior to this*

**About us:**

Join Airbus Defence & Space in Stevenage and become part of our rapidly expanding family of highly motivated and skilled software engineers.

This internship offers a unique opportunity to learn about and work on a number of satellite programmes. You will have direct involvement in developing state-of-the-art on-board software, which will allow you to test and refine your analytical and software programming skills to an industry-leading standard. You will also have the chance to see many other aspects of satellite development, including specialist clean areas where payloads are manufactured.

Hosted within the Engineering organisation, the On-Board Digital Payload Software Engineering department spans two of our major UK sites. We design, build, and deploy a range of software solutions to enhance our stakeholders' data and digitalise their working environments for projects including Earth Observation, Space Exploration, Science missions, and cutting-edge Telecommunications Payloads.

**What you will be doing:**

Within this placement, you will have the opportunity to shadow the software development team to discover Space Software Engineering. You'll use the latest tools to experience the complete software development cycle in an agile environment that has many varied commitments. The theories you've learned at university will come to life in real-world requirements.

You'll have opportunities to work on applications, servers, and databases, as well as put your communication skills, design patterns, and your own stamp on our products.

The activities you may undertake will include:

* Learning and understanding the codebase you will be working on from documentation;
* Designing, developing, documenting, and testing code you have written under the supervision of experienced engineers;
* Getting involved in a multi-developer team;
* Researching and utilising cutting-edge technologies;
* Pair programming with an experienced developer;
* Experiencing the full stack of software development opportunities as a valued team member;
* Contributing to the development of embedded software solutions with a close link to hardware components (low-level communication layer, register control, FPGA, etc.).

You will contribute improvement ideas within a transnational organisation and use various programming languages, such as C, C++, Java, Python, and other technologies depending on the project you support.

**Requirements:**

Our placements are open to **Undergraduates only** **.** Therefore it is mandatory for candidates to be an undergraduate for the whole duration of the placement. Please inform your graduation date on your application.

**\*Your application should include a CV along with a Cover Letter outlining your motivation and suitability for the role.\***

Successful candidates will be able to demonstrate the following:

* Studying towards a degree in Software Engineering;
* Experience in software engineering, some coding;
* Curious and interested in Space;
* Good communication skills (both oral and written).

**SECURITY CLEARANCE:** You will be subject to a BPSS (Baseline Personnel Security Standard) check. You may also need to gain UK SC-level Security Clearance or Export Control, depending on the role.

**Contact**

Please let us know if you need us to make any adjustments to allow you to access and participate fully in the recruitment process. If you wish to discuss this further please contact us. Any information disclosed will be treated in the strictest confidence.

#UK\_PLA

This job requires an awareness of any potential compliance risks and a commitment to act with integrity, as the foundation for the Company’s success, reputation and sustainable growth.

**Company:**

AIRBUS Defence and Space Limited

**Employment Type:**

Internship

-

**Experience Level:**

Student

**Job Family:**

Software Engineering <JF-EN-EK>

By submitting your CV or application you are consenting to Airbus using and storing information about you for monitoring purposes relating to your application or future employment. This information will only be used by Airbus.
  
Airbus is committed to achieving workforce diversity and creating an inclusive working environment. We welcome all applications irrespective of social and cultural background, age, gender, disability, sexual orientation or religious belief.

Airbus is, and always has been, committed to equal opportunities for all. As such, we will never ask for any type of monetary exchange in the frame of a recruitment process. Any impersonation of Airbus to do so should be reported to emsom@airbus.com .

At Airbus, we support you to work, connect and collaborate more easily and flexibly. Wherever possible, we foster flexible working arrangements to stimulate innovative thinking.",,https://uk.indeed.com/cmp/Airbus-e4b213b1,https://d2q79iu7y748jz.cloudfront.net/s/_squarelogo/256x256/24c6cceaaafd9c74998c6df7e9222d6f,https://www.airbus.com,Toulouse,"10,000+",more than $10B (USD),"We look to recruit, develop, grow and retain the best, and welcome ALL as an equal opportunity employer.",,,,,,
in-233a0283bd9341eb,indeed,https://uk.indeed.com/viewjob?jk=233a0283bd9341eb,http://uk.indeed.com/job/ai-engineer-233a0283bd9341eb,AI Engineer,ixceed,"Cambridge, ENG, GB",2025-09-01,,,,,,,False,,,,,"**Role: AI Engineer/Architect**

**Location: Cambridge, UK**

**Role Type : Hybrid**  
**Contract: 6 Months**

**Job Description -**

* **Agent Design & Delivery**: Architect and implement production-ready AI agents that integrate with enterprise platforms (SAP, Salesforce, ServiceNow, CI/CD, Databricks), with human-in-the-loop controls, observability, and auditability.
* **Hybrid Skillset**: Strong grounding in traditional machine learning and data workflows (forecasting, scoring models, risk detection, NLP, etc) alongside Gen AI/LLM-based architectures. Able to select the right approach (ML vs LLM vs hybrid) for each problem. Expertise across RAG, and experience with RPA/automation for understanding/awareness.
* **Security & Risk by Design**:
* Deep understanding of Gen AI risks, including prompt injection, data leakage, model misuse, and adversarial attacks.
* Build transparent, auditable solutions with traceability of agent decisions and data lineage.
* Apply threat modelling and compliance thinking from the start, not as an afterthought.
* **Enterprise Engineering**: Hands-on experience in building data pipelines, secure API integrations, and scaling MVPs into stable, reusable services.
* **Translational Ability**: Can communicate effectively across technical and business domains, ensuring solutions align with ROI and strategy.

Job Type: Fixed term contract  
Contract length: 6 months

Pay: £450.00-£550.00 per day

Experience:

* Machine learning: 4 years (required)
* Gen AI/LLM-based architectures: 2 years (required)
* ML vs LLM vs hybrid: 4 years (required)",,https://uk.indeed.com/cmp/Ixceed,,,,,,,,,,,,
in-f3d86aacce45b5a0,indeed,https://uk.indeed.com/viewjob?jk=f3d86aacce45b5a0,https://www.amazon.jobs/jobs/3059570/sr-delivery-consultant-aiml-professional-services?cmpid=DA_INAD200785B,"Sr Delivery Consultant (AI/ML), Professional Services",Amazon Web Services,"London, ENG, GB",2025-08-14,fulltime,,,,,,False,,,,,"**DESCRIPTION**
---------------

The Amazon Web Services Professional Services (ProServe) team is seeking a skilled Delivery Consultant to join our team at Amazon Web Services (AWS). In this role, you'll work closely with customers to design, implement, and manage AWS solutions that meet their technical requirements and business objectives. You'll be a key player in driving customer success through their cloud journey, providing technical expertise and best practices throughout the project lifecycle.  
  
Possessing a deep understanding of AWS products and services, as a Delivery Consultant you will be proficient in architecting complex, scalable, and secure solutions tailored to meet the specific needs of each customer. You’ll work closely with stakeholders to gather requirements, assess current infrastructure, and propose effective migration strategies to AWS. As trusted advisors to our customers, providing guidance on industry trends, emerging technologies, and innovative solutions, you will be responsible for leading the implementation process, ensuring adherence to best practices, optimizing performance, and managing risks throughout the project.
  
  
The AWS Professional Services organization is a global team of experts that help customers realize their desired business outcomes when using the AWS Cloud. We work together with customer teams and the AWS Partner Network (APN) to execute enterprise cloud computing initiatives. Our team provides assistance through a collection of offerings which help customers achieve specific outcomes related to enterprise cloud adoption. We also deliver focused guidance through our global specialty practices, which cover a variety of solutions, technologies, and industries.  
  
Key job responsibilities  
As an experienced technology professional, you will be responsible for:
  
  

* Design and develop robust and scalable AI solutions for business problems
* Interact with customer directly to understand the business problem, help and aid them in implementation of their ML ecosystem
* Effectively use Foundation Models available on Amazon Bedrock and Amazon SageMaker to meet our customer's performance needs
* Analyze and extract relevant information from large amounts of historical data to help automate and optimize key processes
* Strong communication skills, with attention to detail and ability to convey rigorous mathematical concepts and considerations to non-experts
* Comfortable working in a fast paced, highly collaborative, dynamic work environment
* Mentor and develop members on the team

  
A day in the life  
Diverse Experiences: AWS values diverse experiences. Even if you do not meet all of the preferred qualifications and skills listed in the job below, we encourage candidates to apply. If your career is just starting, hasn’t followed a traditional path, or includes alternative experiences, don’t let it stop you from applying.  
  
Why AWS? Amazon Web Services (AWS) is the world’s most comprehensive and broadly adopted cloud platform. We pioneered cloud computing and never stopped innovating — that’s why customers from the most successful startups to Global 500 companies trust our robust suite of products and services to power their businesses.  
  
Inclusive Team Culture - Here at AWS, it’s in our nature to learn and be curious. Our employee-led affinity groups foster a culture of inclusion that empower us to be proud of our differences. Ongoing events and learning experiences, including our Conversations on Race and Ethnicity (CORE) and AmazeCon (gender diversity) conferences, inspire us to never stop embracing our uniqueness.  
  
Mentorship & Career Growth - We’re continuously raising our performance bar as we strive to become Earth’s Best Employer. That’s why you’ll find endless knowledge-sharing, mentorship and other career-advancing resources here to help you develop into a better-rounded professional.  
  
Work/Life Balance - We value work-life harmony. Achieving success at work should never come at the expense of sacrifices at home, which is why we strive for flexibility as part of our working culture. When we feel supported in the workplace and at home, there’s nothing we can’t achieve in the cloud.

**BASIC QUALIFICATIONS**
------------------------

* Bachelor's degree in Computer Science, Engineering, related field, or equivalent experience
* 8+ years of consulting experience working with Data and AI/ML solutions.
* 8 + years of experience in developing long-term strategies around product/ solution roadmap with execution programs to deliver on envisioned strategy.
* Recent and demonstrable hands-on experience with AI/ML workloads related to machine learning, deep learning, NLP, CV, GNN, or distributed training.
* Ability to create compelling customer proposals and executive-level presentation skills
* Able to communicate effectively in English, within technical and business settings.

**PREFERRED QUALIFICATIONS**
----------------------------

* AWS experience preferred, with proficiency in a wide range of AWS services (Amazon SageMaker, Amazon Bedrock, EMR, S3 and EC2)
* AWS Certification (Solution Architect Associate, Machine Learning Engineer Associate)
* Working knowledge of generative AI and hands on experience in prompt engineering, deploying and hosting Large Foundational Models.
* Experience with automation and scripting (e.g., Terraform, Python).
* Knowledge of security and compliance standards (e.g., HIPAA, GDPR).

  
Amazon is an equal opportunities employer. We believe passionately that employing a diverse workforce is central to our success. We make recruiting decisions based on your experience and skills. We value your passion to discover, invent, simplify and build. Protecting your privacy and the security of your data is a longstanding top priority for Amazon. Please consult our Privacy Notice (https://www.amazon.jobs/en/privacy\_page) to know more about how we collect, use and transfer the personal data of our candidates.  
  
Amazon is an equal opportunity employer and does not discriminate on the basis of protected veteran status, disability, or other legally protected status.  
  
Our inclusive culture empowers Amazonians to deliver the best results for our customers. If you have a disability and need a workplace accommodation or adjustment during the application and hiring process, including support for the interview or onboarding process, please visit https://amazon.jobs/content/en/how-we-hire/accommodations for more information. If the country/region you’re applying in isn’t listed, please contact your Recruiting Partner.",,https://uk.indeed.com/cmp/Amazon-Web-Services-05cb4ad1,https://d2q79iu7y748jz.cloudfront.net/s/_squarelogo/256x256/744e8603d216350c9c1d21837f2ed7a6,https://aws.amazon.com/careers/why-aws/,"Seattle, WA",Decline to state,more than $10B (USD),"Amazon Web Services (AWS) offers the world’s most comprehensive and broadly adopted cloud platform, with over 200 powerful services that enable our customers and our people to make more of an impact. ",,,,,,
li-4288336467,linkedin,https://www.linkedin.com/jobs/view/4288336467,,AI Engineer - Mid Level - £45k-£50k,TieTalent,"London, England, UK",2025-08-31,,,,,,,False,,,,,,,https://ch.linkedin.com/company/tietalent,,,,,,,,,,,,
li-4282189218,linkedin,https://www.linkedin.com/jobs/view/4282189218,,Data Scientist,Cint,"London, England, UK",2025-08-30,,,,,,,False,,,,,,,https://se.linkedin.com/company/cint,,,,,,,,,,,,
li-4293322782,linkedin,https://www.linkedin.com/jobs/view/4293322782,,Artificial Intelligence Engineer,Intellect Design Arena Ltd,"London Area, United Kingdom",2025-08-30,,,,,,,False,,,,,,,https://in.linkedin.com/company/intellect_design_arena,,,,,,,,,,,,
li-4197303615,linkedin,https://www.linkedin.com/jobs/view/4197303615,,Machine Learning Engineer - Chat,Cleo,"London Area, United Kingdom",2025-08-30,,,,,,,False,,,,,,,https://uk.linkedin.com/company/cleo-ai,,,,,,,,,,,,
li-4279590023,linkedin,https://www.linkedin.com/jobs/view/4279590023,,Machine Learning Engineer,Intellect Group,"London Area, United Kingdom",,,,,,,,False,,,,,,,https://uk.linkedin.com/company/intellectgroup,,,,,,,,,,,,
li-4291797369,linkedin,https://www.linkedin.com/jobs/view/4291797369,,Machine Learning Engineer,Data Idols,"London, England, UK",,,,,,,,False,,,,,,,https://uk.linkedin.com/company/data-idols,,,,,,,,,,,,
li-4278960067,linkedin,https://www.linkedin.com/jobs/view/4278960067,,Machine Learning and AI Engineer,NatureMetrics,"London, England, UK",,,,,,,,False,,,,,,,https://uk.linkedin.com/company/naturemetrics,,,,,,,,,,,,
li-4293778034,linkedin,https://www.linkedin.com/jobs/view/4293778034,,Artificial Intelligence Engineer,TechShack,"London Area, United Kingdom",,,,,,,,False,,,,,,,https://uk.linkedin.com/company/techshackltd,,,,,,,,,,,,
li-4293747371,linkedin,https://www.linkedin.com/jobs/view/4293747371,,Founding ML Engineer,Better Placed Ltd - A Sunday Times Top 10 Employer!,"London Area, United Kingdom",,,,,,,,False,,,,,,,https://uk.linkedin.com/company/better-placed-recruitment,,,,,,,,,,,,
li-4291765747,linkedin,https://www.linkedin.com/jobs/view/4291765747,,Data Scientist,InterEx Group,"Greater London, England, UK",,,,,,,,False,,,,,,,https://uk.linkedin.com/company/interex-group,,,,,,,,,,,,
